timeStamp,elapsed,label,responseCode,responseMessage,threadName,dataType,success,failureMessage,bytes,sentBytes,grpThreads,allThreads,URL,Latency,IdleTime,Connect
1728233588814,3307,Iniciar sesión,200,OK,Usuarios 1-1,text,true,,47398,372,1,2,https://demo.serenity.is/Account/Login/?ReturnUrl=%2F&demouser=admin&password=serenity,1438,0,1070
1728233588814,1444,Iniciar sesión-0,301,Moved Permanently,Usuarios 1-1,text,true,,477,186,1,2,http://demo.serenity.is/Account/Login/?ReturnUrl=%2F&demouser=admin&password=serenity,1438,0,1070
1728233590262,1859,Iniciar sesión-1,200,OK,Usuarios 1-1,text,true,,46921,186,1,2,https://demo.serenity.is/Account/Login/?ReturnUrl=%2F&demouser=admin&password=serenity,1687,0,1342
1728233592127,551,Formulario,200,OK,Usuarios 1-1,text,true,,47377,1829,1,2,https://demo.serenity.is/Account/Login/?ReturnUrl=%2FNorthwind%2FSupplier,201,0,0
1728233592127,201,Formulario-0,301,Moved Permanently,Usuarios 1-1,text,true,,434,775,1,2,http://demo.serenity.is/Northwind/Supplier#edit/18,201,0,0
1728233592328,178,Formulario-1,302,Found,Usuarios 1-1,,true,,291,512,1,2,https://demo.serenity.is/Northwind/Supplier,178,0,0
1728233592507,171,Formulario-2,200,OK,Usuarios 1-1,text,true,,46652,542,1,2,https://demo.serenity.is/Account/Login/?ReturnUrl=%2FNorthwind%2FSupplier,169,0,0
1728233592679,179,Cerrar sesión,301,Moved Permanently,Usuarios 1-1,text,true,,426,504,1,2,http://demo.serenity.is/Account/Signout,179,0,0
1728233588814,4997,Iniciar sesión,200,OK,Usuarios 2-1,text,true,,47398,372,1,1,https://demo.serenity.is/Account/Login/?ReturnUrl=%2F&demouser=admin&password=serenity,1438,0,1070
1728233588814,1444,Iniciar sesión-0,301,Moved Permanently,Usuarios 2-1,text,true,,477,186,1,1,http://demo.serenity.is/Account/Login/?ReturnUrl=%2F&demouser=admin&password=serenity,1438,0,1070
1728233590262,3549,Iniciar sesión-1,200,OK,Usuarios 2-1,text,true,,46921,186,1,1,https://demo.serenity.is/Account/Login/?ReturnUrl=%2F&demouser=admin&password=serenity,3045,0,1342
1728233593814,1057,Formulario,200,OK,Usuarios 2-1,text,true,,47377,1829,1,1,https://demo.serenity.is/Account/Login/?ReturnUrl=%2FNorthwind%2FSupplier,182,0,0
1728233593814,182,Formulario-0,301,Moved Permanently,Usuarios 2-1,text,true,,434,775,1,1,http://demo.serenity.is/Northwind/Supplier#edit/18,182,0,0
1728233593997,177,Formulario-1,302,Found,Usuarios 2-1,,true,,291,512,1,1,https://demo.serenity.is/Northwind/Supplier,177,0,0
1728233594174,697,Formulario-2,200,OK,Usuarios 2-1,text,true,,46652,542,1,1,https://demo.serenity.is/Account/Login/?ReturnUrl=%2FNorthwind%2FSupplier,348,0,0
1728233594872,182,Cerrar sesión,301,Moved Permanently,Usuarios 2-1,text,true,,426,504,1,1,http://demo.serenity.is/Account/Signout,181,0,0
1728233600675,3092,Iniciar sesión,200,OK,Usuarios 2-2,text,true,,47406,372,1,1,https://demo.serenity.is/Account/Login/?ReturnUrl=%2F&demouser=admin&password=serenity,1003,0,562
1728233600675,1003,Iniciar sesión-0,301,Moved Permanently,Usuarios 2-2,text,true,,477,186,1,1,http://demo.serenity.is/Account/Login/?ReturnUrl=%2F&demouser=admin&password=serenity,1003,0,562
1728233601679,2088,Iniciar sesión-1,200,OK,Usuarios 2-2,text,true,,46929,186,1,1,https://demo.serenity.is/Account/Login/?ReturnUrl=%2F&demouser=admin&password=serenity,1648,0,649
1728233603768,2369,Formulario,200,OK,Usuarios 2-2,text,true,,47385,1829,1,1,https://demo.serenity.is/Account/Login/?ReturnUrl=%2FNorthwind%2FSupplier,438,0,0
1728233603768,438,Formulario-0,301,Moved Permanently,Usuarios 2-2,text,true,,434,775,1,1,http://demo.serenity.is/Northwind/Supplier#edit/18,438,0,0
1728233604206,361,Formulario-1,302,Found,Usuarios 2-2,,true,,291,512,1,1,https://demo.serenity.is/Northwind/Supplier,361,0,0
1728233604568,1569,Formulario-2,200,OK,Usuarios 2-2,text,true,,46660,542,1,1,https://demo.serenity.is/Account/Login/?ReturnUrl=%2FNorthwind%2FSupplier,452,0,0
1728233606138,177,Cerrar sesión,301,Moved Permanently,Usuarios 2-2,text,true,,426,504,1,1,http://demo.serenity.is/Account/Signout,177,0,0
1728233606659,1247,Iniciar sesión,200,OK,Usuarios 1-2,text,true,,47398,372,1,1,https://demo.serenity.is/Account/Login/?ReturnUrl=%2F&demouser=admin&password=serenity,358,0,177
1728233606659,359,Iniciar sesión-0,301,Moved Permanently,Usuarios 1-2,text,true,,477,186,1,1,http://demo.serenity.is/Account/Login/?ReturnUrl=%2F&demouser=admin&password=serenity,358,0,177
1728233607018,888,Iniciar sesión-1,200,OK,Usuarios 1-2,text,true,,46921,186,1,1,https://demo.serenity.is/Account/Login/?ReturnUrl=%2F&demouser=admin&password=serenity,713,0,375
1728233607907,547,Formulario,200,OK,Usuarios 1-2,text,true,,47377,1829,1,1,https://demo.serenity.is/Account/Login/?ReturnUrl=%2FNorthwind%2FSupplier,180,0,0
1728233607907,180,Formulario-0,301,Moved Permanently,Usuarios 1-2,text,true,,434,775,1,1,http://demo.serenity.is/Northwind/Supplier#edit/18,180,0,0
1728233608088,175,Formulario-1,302,Found,Usuarios 1-2,,true,,291,512,1,1,https://demo.serenity.is/Northwind/Supplier,175,0,0
1728233608263,191,Formulario-2,200,OK,Usuarios 1-2,text,true,,46652,542,1,1,https://demo.serenity.is/Account/Login/?ReturnUrl=%2FNorthwind%2FSupplier,189,0,0
1728233608455,183,Cerrar sesión,301,Moved Permanently,Usuarios 1-2,text,true,,426,504,1,1,http://demo.serenity.is/Account/Signout,183,0,0
1728233612673,1286,Iniciar sesión,200,OK,Usuarios 2-3,text,true,,47406,372,1,1,https://demo.serenity.is/Account/Login/?ReturnUrl=%2F&demouser=admin&password=serenity,363,0,180
1728233612673,363,Iniciar sesión-0,301,Moved Permanently,Usuarios 2-3,text,true,,477,186,1,1,http://demo.serenity.is/Account/Login/?ReturnUrl=%2F&demouser=admin&password=serenity,363,0,180
1728233613037,922,Iniciar sesión-1,200,OK,Usuarios 2-3,text,true,,46929,186,1,1,https://demo.serenity.is/Account/Login/?ReturnUrl=%2F&demouser=admin&password=serenity,733,0,380
1728233613965,2665,Formulario,200,OK,Usuarios 2-3,text,true,,47377,1829,1,1,https://demo.serenity.is/Account/Login/?ReturnUrl=%2FNorthwind%2FSupplier,177,0,0
1728233613965,177,Formulario-0,301,Moved Permanently,Usuarios 2-3,text,true,,434,775,1,1,http://demo.serenity.is/Northwind/Supplier#edit/18,177,0,0
1728233614142,534,Formulario-1,302,Found,Usuarios 2-3,,true,,291,512,1,1,https://demo.serenity.is/Northwind/Supplier,534,0,0
1728233614676,1954,Formulario-2,200,OK,Usuarios 2-3,text,true,,46652,542,1,1,https://demo.serenity.is/Account/Login/?ReturnUrl=%2FNorthwind%2FSupplier,436,0,0
1728233616631,561,Cerrar sesión,301,Moved Permanently,Usuarios 2-3,text,true,,426,504,1,1,http://demo.serenity.is/Account/Signout,561,0,0
1728233624675,1236,Iniciar sesión,200,OK,Usuarios 2-4,text,true,,47398,372,1,2,https://demo.serenity.is/Account/Login/?ReturnUrl=%2F&demouser=admin&password=serenity,357,0,180
1728233624675,357,Iniciar sesión-0,301,Moved Permanently,Usuarios 2-4,text,true,,477,186,1,2,http://demo.serenity.is/Account/Login/?ReturnUrl=%2F&demouser=admin&password=serenity,357,0,180
1728233625034,877,Iniciar sesión-1,200,OK,Usuarios 2-4,text,true,,46921,186,1,2,https://demo.serenity.is/Account/Login/?ReturnUrl=%2F&demouser=admin&password=serenity,707,0,357
1728233624658,1260,Iniciar sesión,200,OK,Usuarios 1-3,text,true,,47398,372,1,2,https://demo.serenity.is/Account/Login/?ReturnUrl=%2F&demouser=admin&password=serenity,358,0,180
1728233624658,358,Iniciar sesión-0,301,Moved Permanently,Usuarios 1-3,text,true,,477,186,1,2,http://demo.serenity.is/Account/Login/?ReturnUrl=%2F&demouser=admin&password=serenity,358,0,180
1728233625017,901,Iniciar sesión-1,200,OK,Usuarios 1-3,text,true,,46921,186,1,2,https://demo.serenity.is/Account/Login/?ReturnUrl=%2F&demouser=admin&password=serenity,726,0,363
1728233625912,549,Formulario,200,OK,Usuarios 2-4,text,true,,47377,1829,1,2,https://demo.serenity.is/Account/Login/?ReturnUrl=%2FNorthwind%2FSupplier,180,0,0
1728233625912,180,Formulario-0,301,Moved Permanently,Usuarios 2-4,text,true,,434,775,1,2,http://demo.serenity.is/Northwind/Supplier#edit/18,180,0,0
1728233626092,180,Formulario-1,302,Found,Usuarios 2-4,,true,,291,512,1,2,https://demo.serenity.is/Northwind/Supplier,180,0,0
1728233626273,188,Formulario-2,200,OK,Usuarios 2-4,text,true,,46652,542,1,2,https://demo.serenity.is/Account/Login/?ReturnUrl=%2FNorthwind%2FSupplier,186,0,0
1728233625919,549,Formulario,200,OK,Usuarios 1-3,text,true,,47377,1829,1,2,https://demo.serenity.is/Account/Login/?ReturnUrl=%2FNorthwind%2FSupplier,182,0,0
1728233625919,182,Formulario-0,301,Moved Permanently,Usuarios 1-3,text,true,,434,775,1,2,http://demo.serenity.is/Northwind/Supplier#edit/18,182,0,0
1728233626101,177,Formulario-1,302,Found,Usuarios 1-3,,true,,291,512,1,2,https://demo.serenity.is/Northwind/Supplier,177,0,0
1728233626279,189,Formulario-2,200,OK,Usuarios 1-3,text,true,,46652,542,1,2,https://demo.serenity.is/Account/Login/?ReturnUrl=%2FNorthwind%2FSupplier,188,0,0
1728233626523,180,Cerrar sesión,301,Moved Permanently,Usuarios 1-3,text,true,,426,504,1,2,http://demo.serenity.is/Account/Signout,180,0,0
1728233626523,180,Cerrar sesión,301,Moved Permanently,Usuarios 2-4,text,true,,426,504,1,2,http://demo.serenity.is/Account/Signout,180,0,0
1728233636686,1221,Iniciar sesión,200,OK,Usuarios 2-5,text,true,,47398,372,1,1,https://demo.serenity.is/Account/Login/?ReturnUrl=%2F&demouser=admin&password=serenity,358,0,180
1728233636686,358,Iniciar sesión-0,301,Moved Permanently,Usuarios 2-5,text,true,,477,186,1,1,http://demo.serenity.is/Account/Login/?ReturnUrl=%2F&demouser=admin&password=serenity,358,0,180
1728233637045,862,Iniciar sesión-1,200,OK,Usuarios 2-5,text,true,,46921,186,1,1,https://demo.serenity.is/Account/Login/?ReturnUrl=%2F&demouser=admin&password=serenity,691,0,353
1728233637908,536,Formulario,200,OK,Usuarios 2-5,text,true,,47385,1829,1,1,https://demo.serenity.is/Account/Login/?ReturnUrl=%2FNorthwind%2FSupplier,179,0,0
1728233637908,179,Formulario-0,301,Moved Permanently,Usuarios 2-5,text,true,,434,775,1,1,http://demo.serenity.is/Northwind/Supplier#edit/18,179,0,0
1728233638088,173,Formulario-1,302,Found,Usuarios 2-5,,true,,291,512,1,1,https://demo.serenity.is/Northwind/Supplier,173,0,0
1728233638261,183,Formulario-2,200,OK,Usuarios 2-5,text,true,,46660,542,1,1,https://demo.serenity.is/Account/Login/?ReturnUrl=%2FNorthwind%2FSupplier,179,0,0
1728233638445,182,Cerrar sesión,301,Moved Permanently,Usuarios 2-5,text,true,,426,504,1,1,http://demo.serenity.is/Account/Signout,182,0,0
1728233642657,2562,Iniciar sesión,200,OK,Usuarios 1-4,text,true,,47398,372,1,1,https://demo.serenity.is/Account/Login/?ReturnUrl=%2F&demouser=admin&password=serenity,606,0,175
1728233642657,606,Iniciar sesión-0,301,Moved Permanently,Usuarios 1-4,text,true,,477,186,1,1,http://demo.serenity.is/Account/Login/?ReturnUrl=%2F&demouser=admin&password=serenity,606,0,175
1728233643264,1955,Iniciar sesión-1,200,OK,Usuarios 1-4,text,true,,46921,186,1,1,https://demo.serenity.is/Account/Login/?ReturnUrl=%2F&demouser=admin&password=serenity,1569,0,886
1728233645223,1866,Formulario,200,OK,Usuarios 1-4,text,true,,47377,1829,1,1,https://demo.serenity.is/Account/Login/?ReturnUrl=%2FNorthwind%2FSupplier,544,0,0
1728233645223,545,Formulario-0,301,Moved Permanently,Usuarios 1-4,text,true,,434,775,1,1,http://demo.serenity.is/Northwind/Supplier#edit/18,544,0,0
1728233645768,439,Formulario-1,302,Found,Usuarios 1-4,,true,,291,512,1,1,https://demo.serenity.is/Northwind/Supplier,439,0,0
1728233646207,882,Formulario-2,200,OK,Usuarios 1-4,text,true,,46652,542,1,1,https://demo.serenity.is/Account/Login/?ReturnUrl=%2FNorthwind%2FSupplier,442,0,0
1728233647090,361,Cerrar sesión,301,Moved Permanently,Usuarios 1-4,text,true,,426,504,1,1,http://demo.serenity.is/Account/Signout,361,0,0
1728233648676,1309,Iniciar sesión,200,OK,Usuarios 2-6,text,true,,47398,372,1,1,https://demo.serenity.is/Account/Login/?ReturnUrl=%2F&demouser=admin&password=serenity,420,0,241
1728233648676,420,Iniciar sesión-0,301,Moved Permanently,Usuarios 2-6,text,true,,477,186,1,1,http://demo.serenity.is/Account/Login/?ReturnUrl=%2F&demouser=admin&password=serenity,420,0,241
1728233649097,888,Iniciar sesión-1,200,OK,Usuarios 2-6,text,true,,46921,186,1,1,https://demo.serenity.is/Account/Login/?ReturnUrl=%2F&demouser=admin&password=serenity,712,0,369
1728233649986,524,Formulario,200,OK,Usuarios 2-6,text,true,,47377,1829,1,1,https://demo.serenity.is/Account/Login/?ReturnUrl=%2FNorthwind%2FSupplier,169,0,0
1728233649986,169,Formulario-0,301,Moved Permanently,Usuarios 2-6,text,true,,434,775,1,1,http://demo.serenity.is/Northwind/Supplier#edit/18,169,0,0
1728233650155,174,Formulario-1,302,Found,Usuarios 2-6,,true,,291,512,1,1,https://demo.serenity.is/Northwind/Supplier,174,0,0
1728233650329,181,Formulario-2,200,OK,Usuarios 2-6,text,true,,46652,542,1,1,https://demo.serenity.is/Account/Login/?ReturnUrl=%2FNorthwind%2FSupplier,180,0,0
1728233650511,180,Cerrar sesión,301,Moved Permanently,Usuarios 2-6,text,true,,426,504,1,1,http://demo.serenity.is/Account/Signout,180,0,0
1728233660674,2723,Iniciar sesión,200,OK,Usuarios 2-7,text,true,,47398,372,1,2,https://demo.serenity.is/Account/Login/?ReturnUrl=%2F&demouser=admin&password=serenity,1082,0,722
1728233660674,1083,Iniciar sesión-0,301,Moved Permanently,Usuarios 2-7,text,true,,477,186,1,2,http://demo.serenity.is/Account/Login/?ReturnUrl=%2F&demouser=admin&password=serenity,1082,0,722
1728233661758,1639,Iniciar sesión-1,200,OK,Usuarios 2-7,text,true,,46921,186,1,2,https://demo.serenity.is/Account/Login/?ReturnUrl=%2F&demouser=admin&password=serenity,1462,0,883
1728233660654,2758,Iniciar sesión,200,OK,Usuarios 1-5,text,true,,47398,372,1,2,https://demo.serenity.is/Account/Login/?ReturnUrl=%2F&demouser=admin&password=serenity,1102,0,742
1728233660654,1103,Iniciar sesión-0,301,Moved Permanently,Usuarios 1-5,text,true,,477,186,1,2,http://demo.serenity.is/Account/Login/?ReturnUrl=%2F&demouser=admin&password=serenity,1102,0,742
1728233661758,1654,Iniciar sesión-1,200,OK,Usuarios 1-5,text,true,,46921,186,1,2,https://demo.serenity.is/Account/Login/?ReturnUrl=%2F&demouser=admin&password=serenity,1470,0,883
1728233663398,536,Formulario,200,OK,Usuarios 2-7,text,true,,47377,1829,1,2,https://demo.serenity.is/Account/Login/?ReturnUrl=%2FNorthwind%2FSupplier,181,0,0
1728233663398,181,Formulario-0,301,Moved Permanently,Usuarios 2-7,text,true,,434,775,1,2,http://demo.serenity.is/Northwind/Supplier#edit/18,181,0,0
1728233663579,176,Formulario-1,302,Found,Usuarios 2-7,,true,,291,512,1,2,https://demo.serenity.is/Northwind/Supplier,176,0,0
1728233663755,179,Formulario-2,200,OK,Usuarios 2-7,text,true,,46652,542,1,2,https://demo.serenity.is/Account/Login/?ReturnUrl=%2FNorthwind%2FSupplier,176,0,0
1728233663413,552,Formulario,200,OK,Usuarios 1-5,text,true,,47377,1829,1,2,https://demo.serenity.is/Account/Login/?ReturnUrl=%2FNorthwind%2FSupplier,173,0,0
1728233663413,173,Formulario-0,301,Moved Permanently,Usuarios 1-5,text,true,,434,775,1,2,http://demo.serenity.is/Northwind/Supplier#edit/18,173,0,0
1728233663586,177,Formulario-1,302,Found,Usuarios 1-5,,true,,291,512,1,2,https://demo.serenity.is/Northwind/Supplier,177,0,0
1728233663764,201,Formulario-2,200,OK,Usuarios 1-5,text,true,,46652,542,1,2,https://demo.serenity.is/Account/Login/?ReturnUrl=%2FNorthwind%2FSupplier,200,0,0
1728233663935,173,Cerrar sesión,301,Moved Permanently,Usuarios 2-7,text,true,,426,504,1,2,http://demo.serenity.is/Account/Signout,173,0,0
1728233663966,177,Cerrar sesión,301,Moved Permanently,Usuarios 1-5,text,true,,426,504,1,1,http://demo.serenity.is/Account/Signout,177,0,0
1728233672674,3017,Iniciar sesión,200,OK,Usuarios 2-8,text,true,,47398,372,1,1,https://demo.serenity.is/Account/Login/?ReturnUrl=%2F&demouser=admin&password=serenity,755,0,503
1728233672674,755,Iniciar sesión-0,301,Moved Permanently,Usuarios 2-8,text,true,,477,186,1,1,http://demo.serenity.is/Account/Login/?ReturnUrl=%2F&demouser=admin&password=serenity,755,0,503
1728233673430,2261,Iniciar sesión-1,200,OK,Usuarios 2-8,text,true,,46921,186,1,1,https://demo.serenity.is/Account/Login/?ReturnUrl=%2F&demouser=admin&password=serenity,1825,0,947
1728233675696,1253,Formulario,200,OK,Usuarios 2-8,text,true,,47377,1829,1,1,https://demo.serenity.is/Account/Login/?ReturnUrl=%2FNorthwind%2FSupplier,348,0,0
1728233675696,348,Formulario-0,301,Moved Permanently,Usuarios 2-8,text,true,,434,775,1,1,http://demo.serenity.is/Northwind/Supplier#edit/18,348,0,0
1728233676044,454,Formulario-1,302,Found,Usuarios 2-8,,true,,291,512,1,1,https://demo.serenity.is/Northwind/Supplier,454,0,0
1728233676498,451,Formulario-2,200,OK,Usuarios 2-8,text,true,,46652,542,1,1,https://demo.serenity.is/Account/Login/?ReturnUrl=%2FNorthwind%2FSupplier,445,0,0
1728233676950,389,Cerrar sesión,301,Moved Permanently,Usuarios 2-8,text,true,,426,504,1,1,http://demo.serenity.is/Account/Signout,388,0,0
1728233678651,1297,Iniciar sesión,200,OK,Usuarios 1-6,text,true,,47398,372,1,1,https://demo.serenity.is/Account/Login/?ReturnUrl=%2F&demouser=admin&password=serenity,389,0,202
1728233678651,389,Iniciar sesión-0,301,Moved Permanently,Usuarios 1-6,text,true,,477,186,1,1,http://demo.serenity.is/Account/Login/?ReturnUrl=%2F&demouser=admin&password=serenity,389,0,202
1728233679040,908,Iniciar sesión-1,200,OK,Usuarios 1-6,text,true,,46921,186,1,1,https://demo.serenity.is/Account/Login/?ReturnUrl=%2F&demouser=admin&password=serenity,714,0,370
1728233679948,573,Formulario,200,OK,Usuarios 1-6,text,true,,47385,1829,1,1,https://demo.serenity.is/Account/Login/?ReturnUrl=%2FNorthwind%2FSupplier,183,0,0
1728233679948,183,Formulario-0,301,Moved Permanently,Usuarios 1-6,text,true,,434,775,1,1,http://demo.serenity.is/Northwind/Supplier#edit/18,183,0,0
1728233680131,205,Formulario-1,302,Found,Usuarios 1-6,,true,,291,512,1,1,https://demo.serenity.is/Northwind/Supplier,205,0,0
1728233680336,185,Formulario-2,200,OK,Usuarios 1-6,text,true,,46660,542,1,1,https://demo.serenity.is/Account/Login/?ReturnUrl=%2FNorthwind%2FSupplier,183,0,0
1728233680522,193,Cerrar sesión,301,Moved Permanently,Usuarios 1-6,text,true,,426,504,1,1,http://demo.serenity.is/Account/Signout,193,0,0
1728233684674,1921,Iniciar sesión,200,OK,Usuarios 2-9,text,true,,47398,372,1,1,https://demo.serenity.is/Account/Login/?ReturnUrl=%2F&demouser=admin&password=serenity,371,0,196
1728233684674,371,Iniciar sesión-0,301,Moved Permanently,Usuarios 2-9,text,true,,477,186,1,1,http://demo.serenity.is/Account/Login/?ReturnUrl=%2F&demouser=admin&password=serenity,371,0,196
1728233685046,1549,Iniciar sesión-1,200,OK,Usuarios 2-9,text,true,,46921,186,1,1,https://demo.serenity.is/Account/Login/?ReturnUrl=%2F&demouser=admin&password=serenity,1111,0,350
1728233686596,2513,Formulario,200,OK,Usuarios 2-9,text,true,,47377,1829,1,1,https://demo.serenity.is/Account/Login/?ReturnUrl=%2FNorthwind%2FSupplier,435,0,0
1728233686596,435,Formulario-0,301,Moved Permanently,Usuarios 2-9,text,true,,434,775,1,1,http://demo.serenity.is/Northwind/Supplier#edit/18,435,0,0
1728233687031,440,Formulario-1,302,Found,Usuarios 2-9,,true,,291,512,1,1,https://demo.serenity.is/Northwind/Supplier,440,0,0
1728233687471,1638,Formulario-2,200,OK,Usuarios 2-9,text,true,,46652,542,1,1,https://demo.serenity.is/Account/Login/?ReturnUrl=%2FNorthwind%2FSupplier,262,0,0
1728233689110,436,Cerrar sesión,301,Moved Permanently,Usuarios 2-9,text,true,,426,504,1,1,http://demo.serenity.is/Account/Signout,436,0,0
1728233696673,1254,Iniciar sesión,200,OK,Usuarios 2-10,text,true,,47398,372,1,2,https://demo.serenity.is/Account/Login/?ReturnUrl=%2F&demouser=admin&password=serenity,354,0,180
1728233696673,355,Iniciar sesión-0,301,Moved Permanently,Usuarios 2-10,text,true,,477,186,1,2,http://demo.serenity.is/Account/Login/?ReturnUrl=%2F&demouser=admin&password=serenity,354,0,180
1728233697028,899,Iniciar sesión-1,200,OK,Usuarios 2-10,text,true,,46921,186,1,2,https://demo.serenity.is/Account/Login/?ReturnUrl=%2F&demouser=admin&password=serenity,727,0,372
1728233696656,1281,Iniciar sesión,200,OK,Usuarios 1-7,text,true,,47398,372,1,2,https://demo.serenity.is/Account/Login/?ReturnUrl=%2F&demouser=admin&password=serenity,375,0,190
1728233696656,375,Iniciar sesión-0,301,Moved Permanently,Usuarios 1-7,text,true,,477,186,1,2,http://demo.serenity.is/Account/Login/?ReturnUrl=%2F&demouser=admin&password=serenity,375,0,190
1728233697032,905,Iniciar sesión-1,200,OK,Usuarios 1-7,text,true,,46921,186,1,2,https://demo.serenity.is/Account/Login/?ReturnUrl=%2F&demouser=admin&password=serenity,731,0,367
1728233697928,571,Formulario,200,OK,Usuarios 2-10,text,true,,47377,1829,1,2,https://demo.serenity.is/Account/Login/?ReturnUrl=%2FNorthwind%2FSupplier,189,0,0
1728233697928,189,Formulario-0,301,Moved Permanently,Usuarios 2-10,text,true,,434,775,1,2,http://demo.serenity.is/Northwind/Supplier#edit/18,189,0,0
1728233698117,193,Formulario-1,302,Found,Usuarios 2-10,,true,,291,512,1,2,https://demo.serenity.is/Northwind/Supplier,193,0,0
1728233698310,189,Formulario-2,200,OK,Usuarios 2-10,text,true,,46652,542,1,2,https://demo.serenity.is/Account/Login/?ReturnUrl=%2FNorthwind%2FSupplier,186,0,0
1728233697938,565,Formulario,200,OK,Usuarios 1-7,text,true,,47385,1829,1,2,https://demo.serenity.is/Account/Login/?ReturnUrl=%2FNorthwind%2FSupplier,188,0,0
1728233697938,188,Formulario-0,301,Moved Permanently,Usuarios 1-7,text,true,,434,775,1,2,http://demo.serenity.is/Northwind/Supplier#edit/18,188,0,0
1728233698127,190,Formulario-1,302,Found,Usuarios 1-7,,true,,291,512,1,2,https://demo.serenity.is/Northwind/Supplier,190,0,0
1728233698317,186,Formulario-2,200,OK,Usuarios 1-7,text,true,,46660,542,1,2,https://demo.serenity.is/Account/Login/?ReturnUrl=%2FNorthwind%2FSupplier,182,0,0
1728233698500,178,Cerrar sesión,301,Moved Permanently,Usuarios 2-10,text,true,,426,504,1,2,http://demo.serenity.is/Account/Signout,177,0,0
1728233698504,178,Cerrar sesión,301,Moved Permanently,Usuarios 1-7,text,true,,426,504,1,1,http://demo.serenity.is/Account/Signout,178,0,0
1728233708672,1251,Iniciar sesión,200,OK,Usuarios 2-11,text,true,,47398,372,1,1,https://demo.serenity.is/Account/Login/?ReturnUrl=%2F&demouser=admin&password=serenity,360,0,169
1728233708672,360,Iniciar sesión-0,301,Moved Permanently,Usuarios 2-11,text,true,,477,186,1,1,http://demo.serenity.is/Account/Login/?ReturnUrl=%2F&demouser=admin&password=serenity,360,0,169
1728233709035,888,Iniciar sesión-1,200,OK,Usuarios 2-11,text,true,,46921,186,1,1,https://demo.serenity.is/Account/Login/?ReturnUrl=%2F&demouser=admin&password=serenity,714,0,366
1728233709924,561,Formulario,200,OK,Usuarios 2-11,text,true,,47377,1829,1,1,https://demo.serenity.is/Account/Login/?ReturnUrl=%2FNorthwind%2FSupplier,204,0,0
1728233709924,204,Formulario-0,301,Moved Permanently,Usuarios 2-11,text,true,,434,775,1,1,http://demo.serenity.is/Northwind/Supplier#edit/18,204,0,0
1728233710129,173,Formulario-1,302,Found,Usuarios 2-11,,true,,291,512,1,1,https://demo.serenity.is/Northwind/Supplier,173,0,0
1728233710303,182,Formulario-2,200,OK,Usuarios 2-11,text,true,,46652,542,1,1,https://demo.serenity.is/Account/Login/?ReturnUrl=%2FNorthwind%2FSupplier,181,0,0
1728233710486,186,Cerrar sesión,301,Moved Permanently,Usuarios 2-11,text,true,,426,504,1,1,http://demo.serenity.is/Account/Signout,185,0,0
1728233714651,3082,Iniciar sesión,200,OK,Usuarios 1-8,text,true,,47398,372,1,1,https://demo.serenity.is/Account/Login/?ReturnUrl=%2F&demouser=admin&password=serenity,997,0,557
1728233714651,997,Iniciar sesión-0,301,Moved Permanently,Usuarios 1-8,text,true,,477,186,1,1,http://demo.serenity.is/Account/Login/?ReturnUrl=%2F&demouser=admin&password=serenity,997,0,557
1728233715649,2084,Iniciar sesión-1,200,OK,Usuarios 1-8,text,true,,46921,186,1,1,https://demo.serenity.is/Account/Login/?ReturnUrl=%2F&demouser=admin&password=serenity,1644,0,695
1728233717734,1242,Formulario,200,OK,Usuarios 1-8,text,true,,47377,1829,1,1,https://demo.serenity.is/Account/Login/?ReturnUrl=%2FNorthwind%2FSupplier,436,0,0
1728233717734,436,Formulario-0,301,Moved Permanently,Usuarios 1-8,text,true,,434,775,1,1,http://demo.serenity.is/Northwind/Supplier#edit/18,436,0,0
1728233718171,440,Formulario-1,302,Found,Usuarios 1-8,,true,,291,512,1,1,https://demo.serenity.is/Northwind/Supplier,440,0,0
1728233718611,365,Formulario-2,200,OK,Usuarios 1-8,text,true,,46652,542,1,1,https://demo.serenity.is/Account/Login/?ReturnUrl=%2FNorthwind%2FSupplier,364,0,0
1728233718976,436,Cerrar sesión,301,Moved Permanently,Usuarios 1-8,text,true,,426,504,1,1,http://demo.serenity.is/Account/Signout,436,0,0
1728233720673,1283,Iniciar sesión,200,OK,Usuarios 2-12,text,true,,47398,372,1,1,https://demo.serenity.is/Account/Login/?ReturnUrl=%2F&demouser=admin&password=serenity,397,0,177
1728233720673,397,Iniciar sesión-0,301,Moved Permanently,Usuarios 2-12,text,true,,477,186,1,1,http://demo.serenity.is/Account/Login/?ReturnUrl=%2F&demouser=admin&password=serenity,397,0,177
1728233721071,885,Iniciar sesión-1,200,OK,Usuarios 2-12,text,true,,46921,186,1,1,https://demo.serenity.is/Account/Login/?ReturnUrl=%2F&demouser=admin&password=serenity,711,0,363
1728233721957,526,Formulario,200,OK,Usuarios 2-12,text,true,,47377,1829,1,1,https://demo.serenity.is/Account/Login/?ReturnUrl=%2FNorthwind%2FSupplier,169,0,0
1728233721957,169,Formulario-0,301,Moved Permanently,Usuarios 2-12,text,true,,434,775,1,1,http://demo.serenity.is/Northwind/Supplier#edit/18,169,0,0
1728233722127,177,Formulario-1,302,Found,Usuarios 2-12,,true,,291,512,1,1,https://demo.serenity.is/Northwind/Supplier,177,0,0
1728233722304,179,Formulario-2,200,OK,Usuarios 2-12,text,true,,46652,542,1,1,https://demo.serenity.is/Account/Login/?ReturnUrl=%2FNorthwind%2FSupplier,176,0,0
1728233722484,184,Cerrar sesión,301,Moved Permanently,Usuarios 2-12,text,true,,426,504,1,1,http://demo.serenity.is/Account/Signout,184,0,0
1728233732673,2504,Iniciar sesión,200,OK,Usuarios 2-13,text,true,,47398,372,1,2,https://demo.serenity.is/Account/Login/?ReturnUrl=%2F&demouser=admin&password=serenity,1062,0,611
1728233732673,1062,Iniciar sesión-0,301,Moved Permanently,Usuarios 2-13,text,true,,477,186,1,2,http://demo.serenity.is/Account/Login/?ReturnUrl=%2F&demouser=admin&password=serenity,1062,0,611
1728233733736,1441,Iniciar sesión-1,200,OK,Usuarios 2-13,text,true,,46921,186,1,2,https://demo.serenity.is/Account/Login/?ReturnUrl=%2F&demouser=admin&password=serenity,1225,0,849
1728233732651,2527,Iniciar sesión,200,OK,Usuarios 1-9,text,true,,47406,372,1,2,https://demo.serenity.is/Account/Login/?ReturnUrl=%2F&demouser=admin&password=serenity,1084,0,632
1728233732651,1084,Iniciar sesión-0,301,Moved Permanently,Usuarios 1-9,text,true,,477,186,1,2,http://demo.serenity.is/Account/Login/?ReturnUrl=%2F&demouser=admin&password=serenity,1084,0,632
1728233733736,1442,Iniciar sesión-1,200,OK,Usuarios 1-9,text,true,,46929,186,1,2,https://demo.serenity.is/Account/Login/?ReturnUrl=%2F&demouser=admin&password=serenity,1227,0,849
1728233735181,529,Formulario,200,OK,Usuarios 2-13,text,true,,47377,1829,1,2,https://demo.serenity.is/Account/Login/?ReturnUrl=%2FNorthwind%2FSupplier,170,0,0
1728233735181,170,Formulario-0,301,Moved Permanently,Usuarios 2-13,text,true,,434,775,1,2,http://demo.serenity.is/Northwind/Supplier#edit/18,170,0,0
1728233735352,177,Formulario-1,302,Found,Usuarios 2-13,,true,,291,512,1,2,https://demo.serenity.is/Northwind/Supplier,177,0,0
1728233735530,180,Formulario-2,200,OK,Usuarios 2-13,text,true,,46652,542,1,2,https://demo.serenity.is/Account/Login/?ReturnUrl=%2FNorthwind%2FSupplier,178,0,0
1728233735178,536,Formulario,200,OK,Usuarios 1-9,text,true,,47377,1829,1,2,https://demo.serenity.is/Account/Login/?ReturnUrl=%2FNorthwind%2FSupplier,173,0,0
1728233735178,173,Formulario-0,301,Moved Permanently,Usuarios 1-9,text,true,,434,775,1,2,http://demo.serenity.is/Northwind/Supplier#edit/18,173,0,0
1728233735352,178,Formulario-1,302,Found,Usuarios 1-9,,true,,291,512,1,2,https://demo.serenity.is/Northwind/Supplier,178,0,0
1728233735530,184,Formulario-2,200,OK,Usuarios 1-9,text,true,,46652,542,1,2,https://demo.serenity.is/Account/Login/?ReturnUrl=%2FNorthwind%2FSupplier,182,0,0
1728233735711,187,Cerrar sesión,301,Moved Permanently,Usuarios 2-13,text,true,,426,504,1,2,http://demo.serenity.is/Account/Signout,187,0,0
1728233735715,186,Cerrar sesión,301,Moved Permanently,Usuarios 1-9,text,true,,426,504,1,1,http://demo.serenity.is/Account/Signout,186,0,0
1728233744673,2907,Iniciar sesión,200,OK,Usuarios 2-14,text,true,,47398,372,1,1,https://demo.serenity.is/Account/Login/?ReturnUrl=%2F&demouser=admin&password=serenity,683,0,292
1728233744673,683,Iniciar sesión-0,301,Moved Permanently,Usuarios 2-14,text,true,,477,186,1,1,http://demo.serenity.is/Account/Login/?ReturnUrl=%2F&demouser=admin&password=serenity,683,0,292
1728233745357,2223,Iniciar sesión-1,200,OK,Usuarios 2-14,text,true,,46921,186,1,1,https://demo.serenity.is/Account/Login/?ReturnUrl=%2F&demouser=admin&password=serenity,1870,0,991
1728233747580,1295,Formulario,200,OK,Usuarios 2-14,text,true,,47377,1829,1,1,https://demo.serenity.is/Account/Login/?ReturnUrl=%2FNorthwind%2FSupplier,436,0,0
1728233747580,436,Formulario-0,301,Moved Permanently,Usuarios 2-14,text,true,,434,775,1,1,http://demo.serenity.is/Northwind/Supplier#edit/18,436,0,0
1728233748016,439,Formulario-1,302,Found,Usuarios 2-14,,true,,291,512,1,1,https://demo.serenity.is/Northwind/Supplier,439,0,0
1728233748456,419,Formulario-2,200,OK,Usuarios 2-14,text,true,,46652,542,1,1,https://demo.serenity.is/Account/Login/?ReturnUrl=%2FNorthwind%2FSupplier,416,0,0
1728233748876,182,Cerrar sesión,301,Moved Permanently,Usuarios 2-14,text,true,,426,504,1,1,http://demo.serenity.is/Account/Signout,182,0,0
1728233750659,1260,Iniciar sesión,200,OK,Usuarios 1-10,text,true,,47398,372,1,1,https://demo.serenity.is/Account/Login/?ReturnUrl=%2F&demouser=admin&password=serenity,359,0,178
1728233750659,359,Iniciar sesión-0,301,Moved Permanently,Usuarios 1-10,text,true,,477,186,1,1,http://demo.serenity.is/Account/Login/?ReturnUrl=%2F&demouser=admin&password=serenity,359,0,178
1728233751019,900,Iniciar sesión-1,200,OK,Usuarios 1-10,text,true,,46921,186,1,1,https://demo.serenity.is/Account/Login/?ReturnUrl=%2F&demouser=admin&password=serenity,728,0,364
1728233751919,528,Formulario,200,OK,Usuarios 1-10,text,true,,47377,1829,1,1,https://demo.serenity.is/Account/Login/?ReturnUrl=%2FNorthwind%2FSupplier,180,0,0
1728233751919,180,Formulario-0,301,Moved Permanently,Usuarios 1-10,text,true,,434,775,1,1,http://demo.serenity.is/Northwind/Supplier#edit/18,180,0,0
1728233752099,171,Formulario-1,302,Found,Usuarios 1-10,,true,,291,512,1,1,https://demo.serenity.is/Northwind/Supplier,171,0,0
1728233752270,177,Formulario-2,200,OK,Usuarios 1-10,text,true,,46652,542,1,1,https://demo.serenity.is/Account/Login/?ReturnUrl=%2FNorthwind%2FSupplier,175,0,0
1728233752447,198,Cerrar sesión,301,Moved Permanently,Usuarios 1-10,text,true,,426,504,1,1,http://demo.serenity.is/Account/Signout,197,0,0
1728233756673,2329,Iniciar sesión,200,OK,Usuarios 2-15,text,true,,47398,372,1,1,https://demo.serenity.is/Account/Login/?ReturnUrl=%2F&demouser=admin&password=serenity,366,0,182
1728233756673,366,Iniciar sesión-0,301,Moved Permanently,Usuarios 2-15,text,true,,477,186,1,1,http://demo.serenity.is/Account/Login/?ReturnUrl=%2F&demouser=admin&password=serenity,366,0,182
1728233757040,1962,Iniciar sesión-1,200,OK,Usuarios 2-15,text,true,,46921,186,1,1,https://demo.serenity.is/Account/Login/?ReturnUrl=%2F&demouser=admin&password=serenity,1525,0,655
1728233759002,2532,Formulario,200,OK,Usuarios 2-15,text,true,,47377,1829,1,1,https://demo.serenity.is/Account/Login/?ReturnUrl=%2FNorthwind%2FSupplier,249,0,0
1728233759002,249,Formulario-0,301,Moved Permanently,Usuarios 2-15,text,true,,434,775,1,1,http://demo.serenity.is/Northwind/Supplier#edit/18,249,0,0
1728233759252,390,Formulario-1,302,Found,Usuarios 2-15,,true,,291,512,1,1,https://demo.serenity.is/Northwind/Supplier,390,0,0
1728233759643,1891,Formulario-2,200,OK,Usuarios 2-15,text,true,,46652,542,1,1,https://demo.serenity.is/Account/Login/?ReturnUrl=%2FNorthwind%2FSupplier,567,0,0
1728233761539,351,Cerrar sesión,301,Moved Permanently,Usuarios 2-15,text,true,,426,504,1,1,http://demo.serenity.is/Account/Signout,351,0,0
1728233768674,1273,Iniciar sesión,200,OK,Usuarios 2-16,text,true,,47398,372,1,1,https://demo.serenity.is/Account/Login/?ReturnUrl=%2F&demouser=admin&password=serenity,368,0,181
1728233768674,368,Iniciar sesión-0,301,Moved Permanently,Usuarios 2-16,text,true,,477,186,1,1,http://demo.serenity.is/Account/Login/?ReturnUrl=%2F&demouser=admin&password=serenity,368,0,181
1728233769043,904,Iniciar sesión-1,200,OK,Usuarios 2-16,text,true,,46921,186,1,1,https://demo.serenity.is/Account/Login/?ReturnUrl=%2F&demouser=admin&password=serenity,729,0,372
1728233769948,542,Formulario,200,OK,Usuarios 2-16,text,true,,47385,1829,1,1,https://demo.serenity.is/Account/Login/?ReturnUrl=%2FNorthwind%2FSupplier,175,0,0
1728233769948,175,Formulario-0,301,Moved Permanently,Usuarios 2-16,text,true,,434,775,1,1,http://demo.serenity.is/Northwind/Supplier#edit/18,175,0,0
1728233770123,188,Formulario-1,302,Found,Usuarios 2-16,,true,,291,512,1,1,https://demo.serenity.is/Northwind/Supplier,188,0,0
1728233770311,179,Formulario-2,200,OK,Usuarios 2-16,text,true,,46660,542,1,1,https://demo.serenity.is/Account/Login/?ReturnUrl=%2FNorthwind%2FSupplier,178,0,0
1728233770491,181,Cerrar sesión,301,Moved Permanently,Usuarios 2-16,text,true,,426,504,1,1,http://demo.serenity.is/Account/Signout,181,0,0
1728233780681,1390,Iniciar sesión,200,OK,Usuarios 2-17,text,true,,47398,372,1,1,https://demo.serenity.is/Account/Login/?ReturnUrl=%2F&demouser=admin&password=serenity,421,0,211
1728233780681,421,Iniciar sesión-0,301,Moved Permanently,Usuarios 2-17,text,true,,477,186,1,1,http://demo.serenity.is/Account/Login/?ReturnUrl=%2F&demouser=admin&password=serenity,421,0,211
1728233781102,969,Iniciar sesión-1,200,OK,Usuarios 2-17,text,true,,46921,186,1,1,https://demo.serenity.is/Account/Login/?ReturnUrl=%2F&demouser=admin&password=serenity,796,0,446
1728233782072,534,Formulario,200,OK,Usuarios 2-17,text,true,,47377,1829,1,1,https://demo.serenity.is/Account/Login/?ReturnUrl=%2FNorthwind%2FSupplier,180,0,0
1728233782072,180,Formulario-0,301,Moved Permanently,Usuarios 2-17,text,true,,434,775,1,1,http://demo.serenity.is/Northwind/Supplier#edit/18,180,0,0
1728233782252,175,Formulario-1,302,Found,Usuarios 2-17,,true,,291,512,1,1,https://demo.serenity.is/Northwind/Supplier,175,0,0
1728233782427,179,Formulario-2,200,OK,Usuarios 2-17,text,true,,46652,542,1,1,https://demo.serenity.is/Account/Login/?ReturnUrl=%2FNorthwind%2FSupplier,175,0,0
1728233782607,189,Cerrar sesión,301,Moved Permanently,Usuarios 2-17,text,true,,426,504,1,1,http://demo.serenity.is/Account/Signout,189,0,0
1728233792671,1267,Iniciar sesión,200,OK,Usuarios 2-18,text,true,,47406,372,1,1,https://demo.serenity.is/Account/Login/?ReturnUrl=%2F&demouser=admin&password=serenity,357,0,169
1728233792671,357,Iniciar sesión-0,301,Moved Permanently,Usuarios 2-18,text,true,,477,186,1,1,http://demo.serenity.is/Account/Login/?ReturnUrl=%2F&demouser=admin&password=serenity,357,0,169
1728233793029,909,Iniciar sesión-1,200,OK,Usuarios 2-18,text,true,,46929,186,1,1,https://demo.serenity.is/Account/Login/?ReturnUrl=%2F&demouser=admin&password=serenity,733,0,367
1728233793943,545,Formulario,200,OK,Usuarios 2-18,text,true,,47385,1829,1,1,https://demo.serenity.is/Account/Login/?ReturnUrl=%2FNorthwind%2FSupplier,183,0,0
1728233793943,183,Formulario-0,301,Moved Permanently,Usuarios 2-18,text,true,,434,775,1,1,http://demo.serenity.is/Northwind/Supplier#edit/18,183,0,0
1728233794126,180,Formulario-1,302,Found,Usuarios 2-18,,true,,291,512,1,1,https://demo.serenity.is/Northwind/Supplier,180,0,0
1728233794307,181,Formulario-2,200,OK,Usuarios 2-18,text,true,,46660,542,1,1,https://demo.serenity.is/Account/Login/?ReturnUrl=%2FNorthwind%2FSupplier,180,0,0
1728233794489,179,Cerrar sesión,301,Moved Permanently,Usuarios 2-18,text,true,,426,504,1,1,http://demo.serenity.is/Account/Signout,179,0,0
1728233804674,2042,Iniciar sesión,200,OK,Usuarios 2-19,text,true,,47398,372,1,1,https://demo.serenity.is/Account/Login/?ReturnUrl=%2F&demouser=admin&password=serenity,1121,0,706
1728233804674,1121,Iniciar sesión-0,301,Moved Permanently,Usuarios 2-19,text,true,,477,186,1,1,http://demo.serenity.is/Account/Login/?ReturnUrl=%2F&demouser=admin&password=serenity,1121,0,706
1728233805796,920,Iniciar sesión-1,200,OK,Usuarios 2-19,text,true,,46921,186,1,1,https://demo.serenity.is/Account/Login/?ReturnUrl=%2F&demouser=admin&password=serenity,749,0,362
1728233806716,531,Formulario,200,OK,Usuarios 2-19,text,true,,47377,1829,1,1,https://demo.serenity.is/Account/Login/?ReturnUrl=%2FNorthwind%2FSupplier,178,0,0
1728233806716,178,Formulario-0,301,Moved Permanently,Usuarios 2-19,text,true,,434,775,1,1,http://demo.serenity.is/Northwind/Supplier#edit/18,178,0,0
1728233806895,174,Formulario-1,302,Found,Usuarios 2-19,,true,,291,512,1,1,https://demo.serenity.is/Northwind/Supplier,174,0,0
1728233807069,178,Formulario-2,200,OK,Usuarios 2-19,text,true,,46652,542,1,1,https://demo.serenity.is/Account/Login/?ReturnUrl=%2FNorthwind%2FSupplier,177,0,0
1728233807248,250,Cerrar sesión,301,Moved Permanently,Usuarios 2-19,text,true,,426,504,1,1,http://demo.serenity.is/Account/Signout,250,0,0
1728233816674,3411,Iniciar sesión,200,OK,Usuarios 2-20,text,true,,47406,372,1,1,https://demo.serenity.is/Account/Login/?ReturnUrl=%2F&demouser=admin&password=serenity,1328,0,892
1728233816674,1328,Iniciar sesión-0,301,Moved Permanently,Usuarios 2-20,text,true,,477,186,1,1,http://demo.serenity.is/Account/Login/?ReturnUrl=%2F&demouser=admin&password=serenity,1328,0,892
1728233818003,2082,Iniciar sesión-1,200,OK,Usuarios 2-20,text,true,,46929,186,1,1,https://demo.serenity.is/Account/Login/?ReturnUrl=%2F&demouser=admin&password=serenity,1678,0,813
1728233820089,591,Formulario,200,OK,Usuarios 2-20,text,true,,47377,1829,1,1,https://demo.serenity.is/Account/Login/?ReturnUrl=%2FNorthwind%2FSupplier,197,0,0
1728233820089,197,Formulario-0,301,Moved Permanently,Usuarios 2-20,text,true,,434,775,1,1,http://demo.serenity.is/Northwind/Supplier#edit/18,197,0,0
1728233820287,173,Formulario-1,302,Found,Usuarios 2-20,,true,,291,512,1,1,https://demo.serenity.is/Northwind/Supplier,173,0,0
1728233820460,220,Formulario-2,200,OK,Usuarios 2-20,text,true,,46652,542,1,1,https://demo.serenity.is/Account/Login/?ReturnUrl=%2FNorthwind%2FSupplier,217,0,0
1728233820680,178,Cerrar sesión,301,Moved Permanently,Usuarios 2-20,text,true,,426,504,1,1,http://demo.serenity.is/Account/Signout,177,0,0
1728233828675,3211,Iniciar sesión,200,OK,Usuarios 2-21,text,true,,47406,372,1,1,https://demo.serenity.is/Account/Login/?ReturnUrl=%2F&demouser=admin&password=serenity,1128,0,690
1728233828675,1128,Iniciar sesión-0,301,Moved Permanently,Usuarios 2-21,text,true,,477,186,1,1,http://demo.serenity.is/Account/Login/?ReturnUrl=%2F&demouser=admin&password=serenity,1128,0,690
1728233829803,2083,Iniciar sesión-1,200,OK,Usuarios 2-21,text,true,,46929,186,1,1,https://demo.serenity.is/Account/Login/?ReturnUrl=%2F&demouser=admin&password=serenity,1647,0,694
1728233831887,1261,Formulario,200,OK,Usuarios 2-21,text,true,,47377,1829,1,1,https://demo.serenity.is/Account/Login/?ReturnUrl=%2FNorthwind%2FSupplier,451,0,0
1728233831887,451,Formulario-0,301,Moved Permanently,Usuarios 2-21,text,true,,434,775,1,1,http://demo.serenity.is/Northwind/Supplier#edit/18,451,0,0
1728233832339,435,Formulario-1,302,Found,Usuarios 2-21,,true,,291,512,1,1,https://demo.serenity.is/Northwind/Supplier,435,0,0
1728233832775,373,Formulario-2,200,OK,Usuarios 2-21,text,true,,46652,542,1,1,https://demo.serenity.is/Account/Login/?ReturnUrl=%2FNorthwind%2FSupplier,369,0,0
1728233833149,437,Cerrar sesión,301,Moved Permanently,Usuarios 2-21,text,true,,426,504,1,1,http://demo.serenity.is/Account/Signout,436,0,0
1728233840674,1254,Iniciar sesión,200,OK,Usuarios 2-22,text,true,,47406,372,1,1,https://demo.serenity.is/Account/Login/?ReturnUrl=%2F&demouser=admin&password=serenity,376,0,189
1728233840674,376,Iniciar sesión-0,301,Moved Permanently,Usuarios 2-22,text,true,,477,186,1,1,http://demo.serenity.is/Account/Login/?ReturnUrl=%2F&demouser=admin&password=serenity,376,0,189
1728233841050,878,Iniciar sesión-1,200,OK,Usuarios 2-22,text,true,,46929,186,1,1,https://demo.serenity.is/Account/Login/?ReturnUrl=%2F&demouser=admin&password=serenity,696,0,355
1728233841929,534,Formulario,200,OK,Usuarios 2-22,text,true,,47385,1829,1,1,https://demo.serenity.is/Account/Login/?ReturnUrl=%2FNorthwind%2FSupplier,174,0,0
1728233841929,174,Formulario-0,301,Moved Permanently,Usuarios 2-22,text,true,,434,775,1,1,http://demo.serenity.is/Northwind/Supplier#edit/18,174,0,0
1728233842104,172,Formulario-1,302,Found,Usuarios 2-22,,true,,291,512,1,1,https://demo.serenity.is/Northwind/Supplier,172,0,0
1728233842276,187,Formulario-2,200,OK,Usuarios 2-22,text,true,,46660,542,1,1,https://demo.serenity.is/Account/Login/?ReturnUrl=%2FNorthwind%2FSupplier,184,0,0
1728233842464,177,Cerrar sesión,301,Moved Permanently,Usuarios 2-22,text,true,,426,504,1,1,http://demo.serenity.is/Account/Signout,177,0,0
1728233852674,1256,Iniciar sesión,200,OK,Usuarios 2-23,text,true,,47398,372,1,1,https://demo.serenity.is/Account/Login/?ReturnUrl=%2F&demouser=admin&password=serenity,361,0,178
1728233852674,361,Iniciar sesión-0,301,Moved Permanently,Usuarios 2-23,text,true,,477,186,1,1,http://demo.serenity.is/Account/Login/?ReturnUrl=%2F&demouser=admin&password=serenity,361,0,178
1728233853036,894,Iniciar sesión-1,200,OK,Usuarios 2-23,text,true,,46921,186,1,1,https://demo.serenity.is/Account/Login/?ReturnUrl=%2F&demouser=admin&password=serenity,721,0,372
1728233853934,541,Formulario,200,OK,Usuarios 2-23,text,true,,47385,1829,1,1,https://demo.serenity.is/Account/Login/?ReturnUrl=%2FNorthwind%2FSupplier,183,0,0
1728233853934,183,Formulario-0,301,Moved Permanently,Usuarios 2-23,text,true,,434,775,1,1,http://demo.serenity.is/Northwind/Supplier#edit/18,183,0,0
1728233854116,174,Formulario-1,302,Found,Usuarios 2-23,,true,,291,512,1,1,https://demo.serenity.is/Northwind/Supplier,174,0,0
1728233854291,184,Formulario-2,200,OK,Usuarios 2-23,text,true,,46660,542,1,1,https://demo.serenity.is/Account/Login/?ReturnUrl=%2FNorthwind%2FSupplier,180,0,0
1728233854475,181,Cerrar sesión,301,Moved Permanently,Usuarios 2-23,text,true,,426,504,1,1,http://demo.serenity.is/Account/Signout,180,0,0
1728233864675,1267,Iniciar sesión,200,OK,Usuarios 2-24,text,true,,47398,372,1,1,https://demo.serenity.is/Account/Login/?ReturnUrl=%2F&demouser=admin&password=serenity,364,0,180
1728233864675,364,Iniciar sesión-0,301,Moved Permanently,Usuarios 2-24,text,true,,477,186,1,1,http://demo.serenity.is/Account/Login/?ReturnUrl=%2F&demouser=admin&password=serenity,364,0,180
1728233865040,902,Iniciar sesión-1,200,OK,Usuarios 2-24,text,true,,46921,186,1,1,https://demo.serenity.is/Account/Login/?ReturnUrl=%2F&demouser=admin&password=serenity,727,0,368
1728233865943,537,Formulario,200,OK,Usuarios 2-24,text,true,,47385,1829,1,1,https://demo.serenity.is/Account/Login/?ReturnUrl=%2FNorthwind%2FSupplier,185,0,0
1728233865943,185,Formulario-0,301,Moved Permanently,Usuarios 2-24,text,true,,434,775,1,1,http://demo.serenity.is/Northwind/Supplier#edit/18,185,0,0
1728233866129,171,Formulario-1,302,Found,Usuarios 2-24,,true,,291,512,1,1,https://demo.serenity.is/Northwind/Supplier,171,0,0
1728233866301,179,Formulario-2,200,OK,Usuarios 2-24,text,true,,46660,542,1,1,https://demo.serenity.is/Account/Login/?ReturnUrl=%2FNorthwind%2FSupplier,176,0,0
1728233866481,181,Cerrar sesión,301,Moved Permanently,Usuarios 2-24,text,true,,426,504,1,1,http://demo.serenity.is/Account/Signout,181,0,0
1728233876673,1788,Iniciar sesión,200,OK,Usuarios 2-25,text,true,,47398,372,1,1,https://demo.serenity.is/Account/Login/?ReturnUrl=%2F&demouser=admin&password=serenity,883,0,690
1728233876673,883,Iniciar sesión-0,301,Moved Permanently,Usuarios 2-25,text,true,,477,186,1,1,http://demo.serenity.is/Account/Login/?ReturnUrl=%2F&demouser=admin&password=serenity,883,0,690
1728233877557,904,Iniciar sesión-1,200,OK,Usuarios 2-25,text,true,,46921,186,1,1,https://demo.serenity.is/Account/Login/?ReturnUrl=%2F&demouser=admin&password=serenity,731,0,377
1728233878461,527,Formulario,200,OK,Usuarios 2-25,text,true,,47377,1829,1,1,https://demo.serenity.is/Account/Login/?ReturnUrl=%2FNorthwind%2FSupplier,174,0,0
1728233878461,174,Formulario-0,301,Moved Permanently,Usuarios 2-25,text,true,,434,775,1,1,http://demo.serenity.is/Northwind/Supplier#edit/18,174,0,0
1728233878635,172,Formulario-1,302,Found,Usuarios 2-25,,true,,291,512,1,1,https://demo.serenity.is/Northwind/Supplier,172,0,0
1728233878807,181,Formulario-2,200,OK,Usuarios 2-25,text,true,,46652,542,1,1,https://demo.serenity.is/Account/Login/?ReturnUrl=%2FNorthwind%2FSupplier,179,0,0
1728233878989,180,Cerrar sesión,301,Moved Permanently,Usuarios 2-25,text,true,,426,504,1,1,http://demo.serenity.is/Account/Signout,180,0,0
1728233888673,2956,Iniciar sesión,200,OK,Usuarios 2-26,text,true,,47398,372,1,1,https://demo.serenity.is/Account/Login/?ReturnUrl=%2F&demouser=admin&password=serenity,880,0,442
1728233888673,880,Iniciar sesión-0,301,Moved Permanently,Usuarios 2-26,text,true,,477,186,1,1,http://demo.serenity.is/Account/Login/?ReturnUrl=%2F&demouser=admin&password=serenity,880,0,442
1728233889553,2076,Iniciar sesión-1,200,OK,Usuarios 2-26,text,true,,46921,186,1,1,https://demo.serenity.is/Account/Login/?ReturnUrl=%2F&demouser=admin&password=serenity,1670,0,798
1728233891630,550,Formulario,200,OK,Usuarios 2-26,text,true,,47377,1829,1,1,https://demo.serenity.is/Account/Login/?ReturnUrl=%2FNorthwind%2FSupplier,183,0,0
1728233891630,183,Formulario-0,301,Moved Permanently,Usuarios 2-26,text,true,,434,775,1,1,http://demo.serenity.is/Northwind/Supplier#edit/18,183,0,0
1728233891813,175,Formulario-1,302,Found,Usuarios 2-26,,true,,291,512,1,1,https://demo.serenity.is/Northwind/Supplier,175,0,0
1728233891988,192,Formulario-2,200,OK,Usuarios 2-26,text,true,,46652,542,1,1,https://demo.serenity.is/Account/Login/?ReturnUrl=%2FNorthwind%2FSupplier,190,0,0
1728233892181,180,Cerrar sesión,301,Moved Permanently,Usuarios 2-26,text,true,,426,504,1,1,http://demo.serenity.is/Account/Signout,180,0,0
1728233900673,3168,Iniciar sesión,200,OK,Usuarios 2-27,text,true,,47398,372,1,1,https://demo.serenity.is/Account/Login/?ReturnUrl=%2F&demouser=admin&password=serenity,1092,0,655
1728233900673,1093,Iniciar sesión-0,301,Moved Permanently,Usuarios 2-27,text,true,,477,186,1,1,http://demo.serenity.is/Account/Login/?ReturnUrl=%2F&demouser=admin&password=serenity,1092,0,655
1728233901766,2075,Iniciar sesión-1,200,OK,Usuarios 2-27,text,true,,46921,186,1,1,https://demo.serenity.is/Account/Login/?ReturnUrl=%2F&demouser=admin&password=serenity,1636,0,644
1728233903842,1238,Formulario,200,OK,Usuarios 2-27,text,true,,47377,1829,1,1,https://demo.serenity.is/Account/Login/?ReturnUrl=%2FNorthwind%2FSupplier,438,0,0
1728233903842,438,Formulario-0,301,Moved Permanently,Usuarios 2-27,text,true,,434,775,1,1,http://demo.serenity.is/Northwind/Supplier#edit/18,438,0,0
1728233904280,359,Formulario-1,302,Found,Usuarios 2-27,,true,,291,512,1,1,https://demo.serenity.is/Northwind/Supplier,359,0,0
1728233904639,441,Formulario-2,200,OK,Usuarios 2-27,text,true,,46652,542,1,1,https://demo.serenity.is/Account/Login/?ReturnUrl=%2FNorthwind%2FSupplier,437,0,0
1728233905081,429,Cerrar sesión,301,Moved Permanently,Usuarios 2-27,text,true,,426,504,1,1,http://demo.serenity.is/Account/Signout,429,0,0
1728233912675,1237,Iniciar sesión,200,OK,Usuarios 2-28,text,true,,47398,372,1,1,https://demo.serenity.is/Account/Login/?ReturnUrl=%2F&demouser=admin&password=serenity,356,0,177
1728233912675,356,Iniciar sesión-0,301,Moved Permanently,Usuarios 2-28,text,true,,477,186,1,1,http://demo.serenity.is/Account/Login/?ReturnUrl=%2F&demouser=admin&password=serenity,356,0,177
1728233913032,880,Iniciar sesión-1,200,OK,Usuarios 2-28,text,true,,46921,186,1,1,https://demo.serenity.is/Account/Login/?ReturnUrl=%2F&demouser=admin&password=serenity,704,0,357
1728233913915,846,Formulario,200,OK,Usuarios 2-28,text,true,,47377,1829,1,1,https://demo.serenity.is/Account/Login/?ReturnUrl=%2FNorthwind%2FSupplier,175,0,0
1728233913915,176,Formulario-0,301,Moved Permanently,Usuarios 2-28,text,true,,434,775,1,1,http://demo.serenity.is/Northwind/Supplier#edit/18,175,0,0
1728233914091,177,Formulario-1,302,Found,Usuarios 2-28,,true,,291,512,1,1,https://demo.serenity.is/Northwind/Supplier,177,0,0
1728233914268,493,Formulario-2,200,OK,Usuarios 2-28,text,true,,46652,542,1,1,https://demo.serenity.is/Account/Login/?ReturnUrl=%2FNorthwind%2FSupplier,492,0,0
1728233914762,434,Cerrar sesión,301,Moved Permanently,Usuarios 2-28,text,true,,426,504,1,1,http://demo.serenity.is/Account/Signout,434,0,0
1728233924674,1363,Iniciar sesión,200,OK,Usuarios 2-29,text,true,,47398,372,1,1,https://demo.serenity.is/Account/Login/?ReturnUrl=%2F&demouser=admin&password=serenity,373,0,178
1728233924674,373,Iniciar sesión-0,301,Moved Permanently,Usuarios 2-29,text,true,,477,186,1,1,http://demo.serenity.is/Account/Login/?ReturnUrl=%2F&demouser=admin&password=serenity,373,0,178
1728233925048,989,Iniciar sesión-1,200,OK,Usuarios 2-29,text,true,,46921,186,1,1,https://demo.serenity.is/Account/Login/?ReturnUrl=%2F&demouser=admin&password=serenity,788,0,432
1728233926038,531,Formulario,200,OK,Usuarios 2-29,text,true,,47385,1829,1,1,https://demo.serenity.is/Account/Login/?ReturnUrl=%2FNorthwind%2FSupplier,174,0,0
1728233926038,174,Formulario-0,301,Moved Permanently,Usuarios 2-29,text,true,,434,775,1,1,http://demo.serenity.is/Northwind/Supplier#edit/18,174,0,0
1728233926212,179,Formulario-1,302,Found,Usuarios 2-29,,true,,291,512,1,1,https://demo.serenity.is/Northwind/Supplier,179,0,0
1728233926391,178,Formulario-2,200,OK,Usuarios 2-29,text,true,,46660,542,1,1,https://demo.serenity.is/Account/Login/?ReturnUrl=%2FNorthwind%2FSupplier,176,0,0
1728233926570,170,Cerrar sesión,301,Moved Permanently,Usuarios 2-29,text,true,,426,504,1,1,http://demo.serenity.is/Account/Signout,170,0,0
1728233936672,1233,Iniciar sesión,200,OK,Usuarios 2-30,text,true,,47398,372,1,1,https://demo.serenity.is/Account/Login/?ReturnUrl=%2F&demouser=admin&password=serenity,361,0,183
1728233936672,361,Iniciar sesión-0,301,Moved Permanently,Usuarios 2-30,text,true,,477,186,1,1,http://demo.serenity.is/Account/Login/?ReturnUrl=%2F&demouser=admin&password=serenity,361,0,183
1728233937034,871,Iniciar sesión-1,200,OK,Usuarios 2-30,text,true,,46921,186,1,1,https://demo.serenity.is/Account/Login/?ReturnUrl=%2F&demouser=admin&password=serenity,702,0,358
1728233937906,543,Formulario,200,OK,Usuarios 2-30,text,true,,47377,1829,1,1,https://demo.serenity.is/Account/Login/?ReturnUrl=%2FNorthwind%2FSupplier,173,0,0
1728233937906,174,Formulario-0,301,Moved Permanently,Usuarios 2-30,text,true,,434,775,1,1,http://demo.serenity.is/Northwind/Supplier#edit/18,173,0,0
1728233938080,190,Formulario-1,302,Found,Usuarios 2-30,,true,,291,512,1,1,https://demo.serenity.is/Northwind/Supplier,190,0,0
1728233938270,179,Formulario-2,200,OK,Usuarios 2-30,text,true,,46652,542,1,1,https://demo.serenity.is/Account/Login/?ReturnUrl=%2FNorthwind%2FSupplier,176,0,0
1728233938449,182,Cerrar sesión,301,Moved Permanently,Usuarios 2-30,text,true,,426,504,1,1,http://demo.serenity.is/Account/Signout,181,0,0
1728233948673,1384,Iniciar sesión,200,OK,Usuarios 2-31,text,true,,47398,372,1,1,https://demo.serenity.is/Account/Login/?ReturnUrl=%2F&demouser=admin&password=serenity,478,0,299
1728233948673,478,Iniciar sesión-0,301,Moved Permanently,Usuarios 2-31,text,true,,477,186,1,1,http://demo.serenity.is/Account/Login/?ReturnUrl=%2F&demouser=admin&password=serenity,478,0,299
1728233949151,906,Iniciar sesión-1,200,OK,Usuarios 2-31,text,true,,46921,186,1,1,https://demo.serenity.is/Account/Login/?ReturnUrl=%2F&demouser=admin&password=serenity,729,0,369
1728233950058,548,Formulario,200,OK,Usuarios 2-31,text,true,,47377,1829,1,1,https://demo.serenity.is/Account/Login/?ReturnUrl=%2FNorthwind%2FSupplier,192,0,0
1728233950058,192,Formulario-0,301,Moved Permanently,Usuarios 2-31,text,true,,434,775,1,1,http://demo.serenity.is/Northwind/Supplier#edit/18,192,0,0
1728233950250,175,Formulario-1,302,Found,Usuarios 2-31,,true,,291,512,1,1,https://demo.serenity.is/Northwind/Supplier,175,0,0
1728233950426,180,Formulario-2,200,OK,Usuarios 2-31,text,true,,46652,542,1,1,https://demo.serenity.is/Account/Login/?ReturnUrl=%2FNorthwind%2FSupplier,178,0,0
1728233950607,180,Cerrar sesión,301,Moved Permanently,Usuarios 2-31,text,true,,426,504,1,1,http://demo.serenity.is/Account/Signout,180,0,0
1728233960673,2788,Iniciar sesión,200,OK,Usuarios 2-32,text,true,,47406,372,1,1,https://demo.serenity.is/Account/Login/?ReturnUrl=%2F&demouser=admin&password=serenity,1142,0,786
1728233960673,1142,Iniciar sesión-0,301,Moved Permanently,Usuarios 2-32,text,true,,477,186,1,1,http://demo.serenity.is/Account/Login/?ReturnUrl=%2F&demouser=admin&password=serenity,1142,0,786
1728233961815,1646,Iniciar sesión-1,200,OK,Usuarios 2-32,text,true,,46929,186,1,1,https://demo.serenity.is/Account/Login/?ReturnUrl=%2F&demouser=admin&password=serenity,1457,0,873
1728233963462,542,Formulario,200,OK,Usuarios 2-32,text,true,,47385,1829,1,1,https://demo.serenity.is/Account/Login/?ReturnUrl=%2FNorthwind%2FSupplier,176,0,0
1728233963462,176,Formulario-0,301,Moved Permanently,Usuarios 2-32,text,true,,434,775,1,1,http://demo.serenity.is/Northwind/Supplier#edit/18,176,0,0
1728233963638,182,Formulario-1,302,Found,Usuarios 2-32,,true,,291,512,1,1,https://demo.serenity.is/Northwind/Supplier,182,0,0
1728233963821,183,Formulario-2,200,OK,Usuarios 2-32,text,true,,46660,542,1,1,https://demo.serenity.is/Account/Login/?ReturnUrl=%2FNorthwind%2FSupplier,182,0,0
1728233964004,180,Cerrar sesión,301,Moved Permanently,Usuarios 2-32,text,true,,426,504,1,1,http://demo.serenity.is/Account/Signout,179,0,0
1728233972674,3066,Iniciar sesión,200,OK,Usuarios 2-33,text,true,,47406,372,1,1,https://demo.serenity.is/Account/Login/?ReturnUrl=%2F&demouser=admin&password=serenity,818,0,569
1728233972674,818,Iniciar sesión-0,301,Moved Permanently,Usuarios 2-33,text,true,,477,186,1,1,http://demo.serenity.is/Account/Login/?ReturnUrl=%2F&demouser=admin&password=serenity,818,0,569
1728233973493,2247,Iniciar sesión-1,200,OK,Usuarios 2-33,text,true,,46929,186,1,1,https://demo.serenity.is/Account/Login/?ReturnUrl=%2F&demouser=admin&password=serenity,1811,0,947
1728233981661,966,Formulario,200,OK,Usuarios 2-33,text,true,,47377,1829,1,1,https://demo.serenity.is/Account/Login/?ReturnUrl=%2FNorthwind%2FSupplier,198,0,0
1728233981661,198,Formulario-0,301,Moved Permanently,Usuarios 2-33,text,true,,434,775,1,1,http://demo.serenity.is/Northwind/Supplier#edit/18,198,0,0
1728233981859,179,Formulario-1,302,Found,Usuarios 2-33,,true,,291,512,1,1,https://demo.serenity.is/Northwind/Supplier,179,0,0
1728233982039,588,Formulario-2,200,OK,Usuarios 2-33,text,true,,46652,542,1,1,https://demo.serenity.is/Account/Login/?ReturnUrl=%2FNorthwind%2FSupplier,408,0,0
1728233982628,188,Cerrar sesión,301,Moved Permanently,Usuarios 2-33,text,true,,426,504,1,1,http://demo.serenity.is/Account/Signout,187,0,0
1728233984674,1564,Iniciar sesión,200,OK,Usuarios 2-34,text,true,,47398,372,1,1,https://demo.serenity.is/Account/Login/?ReturnUrl=%2F&demouser=admin&password=serenity,371,0,184
1728233984674,371,Iniciar sesión-0,301,Moved Permanently,Usuarios 2-34,text,true,,477,186,1,1,http://demo.serenity.is/Account/Login/?ReturnUrl=%2F&demouser=admin&password=serenity,371,0,184
1728233985046,1192,Iniciar sesión-1,200,OK,Usuarios 2-34,text,true,,46921,186,1,1,https://demo.serenity.is/Account/Login/?ReturnUrl=%2F&demouser=admin&password=serenity,737,0,379
1728233986239,2504,Formulario,200,OK,Usuarios 2-34,text,true,,47377,1829,1,1,https://demo.serenity.is/Account/Login/?ReturnUrl=%2FNorthwind%2FSupplier,880,0,0
1728233986239,880,Formulario-0,301,Moved Permanently,Usuarios 2-34,text,true,,434,775,1,1,http://demo.serenity.is/Northwind/Supplier#edit/18,880,0,0
1728233987120,691,Formulario-1,302,Found,Usuarios 2-34,,true,,291,512,1,1,https://demo.serenity.is/Northwind/Supplier,691,0,0
1728233987811,932,Formulario-2,200,OK,Usuarios 2-34,text,true,,46652,542,1,1,https://demo.serenity.is/Account/Login/?ReturnUrl=%2FNorthwind%2FSupplier,379,0,0
1728233988744,441,Cerrar sesión,301,Moved Permanently,Usuarios 2-34,text,true,,426,504,1,1,http://demo.serenity.is/Account/Signout,441,0,0
1728233996689,1297,Iniciar sesión,200,OK,Usuarios 2-35,text,true,,47398,372,1,1,https://demo.serenity.is/Account/Login/?ReturnUrl=%2F&demouser=admin&password=serenity,363,0,179
1728233996689,363,Iniciar sesión-0,301,Moved Permanently,Usuarios 2-35,text,true,,477,186,1,1,http://demo.serenity.is/Account/Login/?ReturnUrl=%2F&demouser=admin&password=serenity,363,0,179
1728233997053,933,Iniciar sesión-1,200,OK,Usuarios 2-35,text,true,,46921,186,1,1,https://demo.serenity.is/Account/Login/?ReturnUrl=%2F&demouser=admin&password=serenity,752,0,373
1728233997986,564,Formulario,200,OK,Usuarios 2-35,text,true,,47377,1829,1,1,https://demo.serenity.is/Account/Login/?ReturnUrl=%2FNorthwind%2FSupplier,185,0,0
1728233997986,186,Formulario-0,301,Moved Permanently,Usuarios 2-35,text,true,,434,775,1,1,http://demo.serenity.is/Northwind/Supplier#edit/18,185,0,0
1728233998172,174,Formulario-1,302,Found,Usuarios 2-35,,true,,291,512,1,1,https://demo.serenity.is/Northwind/Supplier,174,0,0
1728233998346,204,Formulario-2,200,OK,Usuarios 2-35,text,true,,46652,542,1,1,https://demo.serenity.is/Account/Login/?ReturnUrl=%2FNorthwind%2FSupplier,203,0,0
1728233998551,176,Cerrar sesión,301,Moved Permanently,Usuarios 2-35,text,true,,426,504,1,1,http://demo.serenity.is/Account/Signout,176,0,0
1728234008672,1282,Iniciar sesión,200,OK,Usuarios 2-36,text,true,,47398,372,1,1,https://demo.serenity.is/Account/Login/?ReturnUrl=%2F&demouser=admin&password=serenity,352,0,173
1728234008672,352,Iniciar sesión-0,301,Moved Permanently,Usuarios 2-36,text,true,,477,186,1,1,http://demo.serenity.is/Account/Login/?ReturnUrl=%2F&demouser=admin&password=serenity,352,0,173
1728234009025,929,Iniciar sesión-1,200,OK,Usuarios 2-36,text,true,,46921,186,1,1,https://demo.serenity.is/Account/Login/?ReturnUrl=%2F&demouser=admin&password=serenity,751,0,357
1728234009954,533,Formulario,200,OK,Usuarios 2-36,text,true,,47385,1829,1,1,https://demo.serenity.is/Account/Login/?ReturnUrl=%2FNorthwind%2FSupplier,181,0,0
1728234009954,181,Formulario-0,301,Moved Permanently,Usuarios 2-36,text,true,,434,775,1,1,http://demo.serenity.is/Northwind/Supplier#edit/18,181,0,0
1728234010136,171,Formulario-1,302,Found,Usuarios 2-36,,true,,291,512,1,1,https://demo.serenity.is/Northwind/Supplier,171,0,0
1728234010308,179,Formulario-2,200,OK,Usuarios 2-36,text,true,,46660,542,1,1,https://demo.serenity.is/Account/Login/?ReturnUrl=%2FNorthwind%2FSupplier,177,0,0
1728234010488,167,Cerrar sesión,301,Moved Permanently,Usuarios 2-36,text,true,,426,504,1,1,http://demo.serenity.is/Account/Signout,167,0,0
1728234020675,1261,Iniciar sesión,200,OK,Usuarios 2-37,text,true,,47398,372,1,1,https://demo.serenity.is/Account/Login/?ReturnUrl=%2F&demouser=admin&password=serenity,364,0,178
1728234020675,364,Iniciar sesión-0,301,Moved Permanently,Usuarios 2-37,text,true,,477,186,1,1,http://demo.serenity.is/Account/Login/?ReturnUrl=%2F&demouser=admin&password=serenity,364,0,178
1728234021039,897,Iniciar sesión-1,200,OK,Usuarios 2-37,text,true,,46921,186,1,1,https://demo.serenity.is/Account/Login/?ReturnUrl=%2F&demouser=admin&password=serenity,720,0,363
1728234021937,582,Formulario,200,OK,Usuarios 2-37,text,true,,47385,1829,1,1,https://demo.serenity.is/Account/Login/?ReturnUrl=%2FNorthwind%2FSupplier,204,0,0
1728234021937,204,Formulario-0,301,Moved Permanently,Usuarios 2-37,text,true,,434,775,1,1,http://demo.serenity.is/Northwind/Supplier#edit/18,204,0,0
1728234022142,173,Formulario-1,302,Found,Usuarios 2-37,,true,,291,512,1,1,https://demo.serenity.is/Northwind/Supplier,173,0,0
1728234022315,204,Formulario-2,200,OK,Usuarios 2-37,text,true,,46660,542,1,1,https://demo.serenity.is/Account/Login/?ReturnUrl=%2FNorthwind%2FSupplier,200,0,0
1728234022520,189,Cerrar sesión,301,Moved Permanently,Usuarios 2-37,text,true,,426,504,1,1,http://demo.serenity.is/Account/Signout,189,0,0
1728234032674,2462,Iniciar sesión,200,OK,Usuarios 2-38,text,true,,47406,372,1,1,https://demo.serenity.is/Account/Login/?ReturnUrl=%2F&demouser=admin&password=serenity,1092,0,658
1728234032674,1092,Iniciar sesión-0,301,Moved Permanently,Usuarios 2-38,text,true,,477,186,1,1,http://demo.serenity.is/Account/Login/?ReturnUrl=%2F&demouser=admin&password=serenity,1092,0,658
1728234033767,1369,Iniciar sesión-1,200,OK,Usuarios 2-38,text,true,,46929,186,1,1,https://demo.serenity.is/Account/Login/?ReturnUrl=%2F&demouser=admin&password=serenity,1197,0,843
1728234035139,543,Formulario,200,OK,Usuarios 2-38,text,true,,47377,1829,1,1,https://demo.serenity.is/Account/Login/?ReturnUrl=%2FNorthwind%2FSupplier,175,0,0
1728234035139,175,Formulario-0,301,Moved Permanently,Usuarios 2-38,text,true,,434,775,1,1,http://demo.serenity.is/Northwind/Supplier#edit/18,175,0,0
1728234035315,178,Formulario-1,302,Found,Usuarios 2-38,,true,,291,512,1,1,https://demo.serenity.is/Northwind/Supplier,178,0,0
1728234035493,189,Formulario-2,200,OK,Usuarios 2-38,text,true,,46652,542,1,1,https://demo.serenity.is/Account/Login/?ReturnUrl=%2FNorthwind%2FSupplier,187,0,0
1728234035683,185,Cerrar sesión,301,Moved Permanently,Usuarios 2-38,text,true,,426,504,1,1,http://demo.serenity.is/Account/Signout,185,0,0
1728234044674,2976,Iniciar sesión,200,OK,Usuarios 2-39,text,true,,47398,372,1,1,https://demo.serenity.is/Account/Login/?ReturnUrl=%2F&demouser=admin&password=serenity,738,0,345
1728234044674,738,Iniciar sesión-0,301,Moved Permanently,Usuarios 2-39,text,true,,477,186,1,1,http://demo.serenity.is/Account/Login/?ReturnUrl=%2F&demouser=admin&password=serenity,738,0,345
1728234045413,2237,Iniciar sesión-1,200,OK,Usuarios 2-39,text,true,,46921,186,1,1,https://demo.serenity.is/Account/Login/?ReturnUrl=%2F&demouser=admin&password=serenity,1883,0,1007
1728234047650,1313,Formulario,200,OK,Usuarios 2-39,text,true,,47377,1829,1,1,https://demo.serenity.is/Account/Login/?ReturnUrl=%2FNorthwind%2FSupplier,436,0,0
1728234047650,437,Formulario-0,301,Moved Permanently,Usuarios 2-39,text,true,,434,775,1,1,http://demo.serenity.is/Northwind/Supplier#edit/18,436,0,0
1728234048087,447,Formulario-1,302,Found,Usuarios 2-39,,true,,291,512,1,1,https://demo.serenity.is/Northwind/Supplier,447,0,0
1728234048534,429,Formulario-2,200,OK,Usuarios 2-39,text,true,,46652,542,1,1,https://demo.serenity.is/Account/Login/?ReturnUrl=%2FNorthwind%2FSupplier,428,0,0
1728234048964,176,Cerrar sesión,301,Moved Permanently,Usuarios 2-39,text,true,,426,504,1,1,http://demo.serenity.is/Account/Signout,176,0,0
1728234056678,2384,Iniciar sesión,200,OK,Usuarios 2-40,text,true,,47398,372,1,1,https://demo.serenity.is/Account/Login/?ReturnUrl=%2F&demouser=admin&password=serenity,408,0,226
1728234056678,408,Iniciar sesión-0,301,Moved Permanently,Usuarios 2-40,text,true,,477,186,1,1,http://demo.serenity.is/Account/Login/?ReturnUrl=%2F&demouser=admin&password=serenity,408,0,226
1728234057087,1975,Iniciar sesión-1,200,OK,Usuarios 2-40,text,true,,46921,186,1,1,https://demo.serenity.is/Account/Login/?ReturnUrl=%2F&demouser=admin&password=serenity,1544,0,671
1728234059063,1204,Formulario,200,OK,Usuarios 2-40,text,true,,47377,1829,1,1,https://demo.serenity.is/Account/Login/?ReturnUrl=%2FNorthwind%2FSupplier,250,0,0
1728234059063,250,Formulario-0,301,Moved Permanently,Usuarios 2-40,text,true,,434,775,1,1,http://demo.serenity.is/Northwind/Supplier#edit/18,250,0,0
1728234059312,392,Formulario-1,302,Found,Usuarios 2-40,,true,,291,512,1,1,https://demo.serenity.is/Northwind/Supplier,392,0,0
1728234059704,563,Formulario-2,200,OK,Usuarios 2-40,text,true,,46652,542,1,1,https://demo.serenity.is/Account/Login/?ReturnUrl=%2FNorthwind%2FSupplier,563,0,0
1728234060269,431,Cerrar sesión,301,Moved Permanently,Usuarios 2-40,text,true,,426,504,1,1,http://demo.serenity.is/Account/Signout,431,0,0
1728234068672,1287,Iniciar sesión,200,OK,Usuarios 2-41,text,true,,47398,372,1,1,https://demo.serenity.is/Account/Login/?ReturnUrl=%2F&demouser=admin&password=serenity,371,0,189
1728234068672,371,Iniciar sesión-0,301,Moved Permanently,Usuarios 2-41,text,true,,477,186,1,1,http://demo.serenity.is/Account/Login/?ReturnUrl=%2F&demouser=admin&password=serenity,371,0,189
1728234069044,915,Iniciar sesión-1,200,OK,Usuarios 2-41,text,true,,46921,186,1,1,https://demo.serenity.is/Account/Login/?ReturnUrl=%2F&demouser=admin&password=serenity,736,0,373
1728234069961,555,Formulario,200,OK,Usuarios 2-41,text,true,,47377,1829,1,1,https://demo.serenity.is/Account/Login/?ReturnUrl=%2FNorthwind%2FSupplier,180,0,0
1728234069961,180,Formulario-0,301,Moved Permanently,Usuarios 2-41,text,true,,434,775,1,1,http://demo.serenity.is/Northwind/Supplier#edit/18,180,0,0
1728234070141,176,Formulario-1,302,Found,Usuarios 2-41,,true,,291,512,1,1,https://demo.serenity.is/Northwind/Supplier,176,0,0
1728234070318,198,Formulario-2,200,OK,Usuarios 2-41,text,true,,46652,542,1,1,https://demo.serenity.is/Account/Login/?ReturnUrl=%2FNorthwind%2FSupplier,196,0,0
1728234070517,196,Cerrar sesión,301,Moved Permanently,Usuarios 2-41,text,true,,426,504,1,1,http://demo.serenity.is/Account/Signout,196,0,0
1728234080673,1316,Iniciar sesión,200,OK,Usuarios 2-42,text,true,,47398,372,1,1,https://demo.serenity.is/Account/Login/?ReturnUrl=%2F&demouser=admin&password=serenity,404,0,189
1728234080673,404,Iniciar sesión-0,301,Moved Permanently,Usuarios 2-42,text,true,,477,186,1,1,http://demo.serenity.is/Account/Login/?ReturnUrl=%2F&demouser=admin&password=serenity,404,0,189
1728234081077,912,Iniciar sesión-1,200,OK,Usuarios 2-42,text,true,,46921,186,1,1,https://demo.serenity.is/Account/Login/?ReturnUrl=%2F&demouser=admin&password=serenity,737,0,391
1728234081990,531,Formulario,200,OK,Usuarios 2-42,text,true,,47377,1829,1,1,https://demo.serenity.is/Account/Login/?ReturnUrl=%2FNorthwind%2FSupplier,171,0,0
1728234081990,171,Formulario-0,301,Moved Permanently,Usuarios 2-42,text,true,,434,775,1,1,http://demo.serenity.is/Northwind/Supplier#edit/18,171,0,0
1728234082162,181,Formulario-1,302,Found,Usuarios 2-42,,true,,291,512,1,1,https://demo.serenity.is/Northwind/Supplier,181,0,0
1728234082344,177,Formulario-2,200,OK,Usuarios 2-42,text,true,,46652,542,1,1,https://demo.serenity.is/Account/Login/?ReturnUrl=%2FNorthwind%2FSupplier,175,0,0
1728234082521,214,Cerrar sesión,301,Moved Permanently,Usuarios 2-42,text,true,,426,504,1,1,http://demo.serenity.is/Account/Signout,213,0,0
1728234092674,1363,Iniciar sesión,200,OK,Usuarios 2-43,text,true,,47398,372,1,1,https://demo.serenity.is/Account/Login/?ReturnUrl=%2F&demouser=admin&password=serenity,410,0,198
1728234092674,410,Iniciar sesión-0,301,Moved Permanently,Usuarios 2-43,text,true,,477,186,1,1,http://demo.serenity.is/Account/Login/?ReturnUrl=%2F&demouser=admin&password=serenity,410,0,198
1728234093085,952,Iniciar sesión-1,200,OK,Usuarios 2-43,text,true,,46921,186,1,1,https://demo.serenity.is/Account/Login/?ReturnUrl=%2F&demouser=admin&password=serenity,740,0,390
1728234094039,619,Formulario,200,OK,Usuarios 2-43,text,true,,47377,1829,1,1,https://demo.serenity.is/Account/Login/?ReturnUrl=%2FNorthwind%2FSupplier,199,0,0
1728234094039,199,Formulario-0,301,Moved Permanently,Usuarios 2-43,text,true,,434,775,1,1,http://demo.serenity.is/Northwind/Supplier#edit/18,199,0,0
1728234094238,236,Formulario-1,302,Found,Usuarios 2-43,,true,,291,512,1,1,https://demo.serenity.is/Northwind/Supplier,236,0,0
1728234094474,184,Formulario-2,200,OK,Usuarios 2-43,text,true,,46652,542,1,1,https://demo.serenity.is/Account/Login/?ReturnUrl=%2FNorthwind%2FSupplier,180,0,0
1728234094659,170,Cerrar sesión,301,Moved Permanently,Usuarios 2-43,text,true,,426,504,1,1,http://demo.serenity.is/Account/Signout,170,0,0
1728234104672,2201,Iniciar sesión,200,OK,Usuarios 2-44,text,true,,47406,372,1,1,https://demo.serenity.is/Account/Login/?ReturnUrl=%2F&demouser=admin&password=serenity,1076,0,639
1728234104672,1076,Iniciar sesión-0,301,Moved Permanently,Usuarios 2-44,text,true,,477,186,1,1,http://demo.serenity.is/Account/Login/?ReturnUrl=%2F&demouser=admin&password=serenity,1076,0,639
1728234105749,1124,Iniciar sesión-1,200,OK,Usuarios 2-44,text,true,,46929,186,1,1,https://demo.serenity.is/Account/Login/?ReturnUrl=%2F&demouser=admin&password=serenity,949,0,597
1728234106874,531,Formulario,200,OK,Usuarios 2-44,text,true,,47377,1829,1,1,https://demo.serenity.is/Account/Login/?ReturnUrl=%2FNorthwind%2FSupplier,177,0,0
1728234106874,177,Formulario-0,301,Moved Permanently,Usuarios 2-44,text,true,,434,775,1,1,http://demo.serenity.is/Northwind/Supplier#edit/18,177,0,0
1728234107051,175,Formulario-1,302,Found,Usuarios 2-44,,true,,291,512,1,1,https://demo.serenity.is/Northwind/Supplier,175,0,0
1728234107226,179,Formulario-2,200,OK,Usuarios 2-44,text,true,,46652,542,1,1,https://demo.serenity.is/Account/Login/?ReturnUrl=%2FNorthwind%2FSupplier,177,0,0
1728234107406,177,Cerrar sesión,301,Moved Permanently,Usuarios 2-44,text,true,,426,504,1,1,http://demo.serenity.is/Account/Signout,177,0,0
1728234116674,3405,Iniciar sesión,200,OK,Usuarios 2-45,text,true,,47398,372,1,1,https://demo.serenity.is/Account/Login/?ReturnUrl=%2F&demouser=admin&password=serenity,1283,0,844
1728234116674,1283,Iniciar sesión-0,301,Moved Permanently,Usuarios 2-45,text,true,,477,186,1,1,http://demo.serenity.is/Account/Login/?ReturnUrl=%2F&demouser=admin&password=serenity,1283,0,844
1728234117958,2121,Iniciar sesión-1,200,OK,Usuarios 2-45,text,true,,46921,186,1,1,https://demo.serenity.is/Account/Login/?ReturnUrl=%2F&demouser=admin&password=serenity,1683,0,890
1728234120080,765,Formulario,200,OK,Usuarios 2-45,text,true,,47385,1829,1,1,https://demo.serenity.is/Account/Login/?ReturnUrl=%2FNorthwind%2FSupplier,407,0,0
1728234120080,407,Formulario-0,301,Moved Permanently,Usuarios 2-45,text,true,,434,775,1,1,http://demo.serenity.is/Northwind/Supplier#edit/18,407,0,0
1728234120488,178,Formulario-1,302,Found,Usuarios 2-45,,true,,291,512,1,1,https://demo.serenity.is/Northwind/Supplier,178,0,0
1728234120666,179,Formulario-2,200,OK,Usuarios 2-45,text,true,,46660,542,1,1,https://demo.serenity.is/Account/Login/?ReturnUrl=%2FNorthwind%2FSupplier,178,0,0
1728234120846,184,Cerrar sesión,301,Moved Permanently,Usuarios 2-45,text,true,,426,504,1,1,http://demo.serenity.is/Account/Signout,184,0,0
1728234128675,2606,Iniciar sesión,200,OK,Usuarios 2-46,text,true,,47398,372,1,1,https://demo.serenity.is/Account/Login/?ReturnUrl=%2F&demouser=admin&password=serenity,649,0,177
1728234128675,649,Iniciar sesión-0,301,Moved Permanently,Usuarios 2-46,text,true,,477,186,1,1,http://demo.serenity.is/Account/Login/?ReturnUrl=%2F&demouser=admin&password=serenity,649,0,177
1728234129325,1956,Iniciar sesión-1,200,OK,Usuarios 2-46,text,true,,46921,186,1,1,https://demo.serenity.is/Account/Login/?ReturnUrl=%2F&demouser=admin&password=serenity,1560,0,877
1728234131282,1885,Formulario,200,OK,Usuarios 2-46,text,true,,47377,1829,1,1,https://demo.serenity.is/Account/Login/?ReturnUrl=%2FNorthwind%2FSupplier,559,0,0
1728234131282,559,Formulario-0,301,Moved Permanently,Usuarios 2-46,text,true,,434,775,1,1,http://demo.serenity.is/Northwind/Supplier#edit/18,559,0,0
1728234131842,442,Formulario-1,302,Found,Usuarios 2-46,,true,,291,512,1,1,https://demo.serenity.is/Northwind/Supplier,442,0,0
1728234132284,883,Formulario-2,200,OK,Usuarios 2-46,text,true,,46652,542,1,1,https://demo.serenity.is/Account/Login/?ReturnUrl=%2FNorthwind%2FSupplier,443,0,0
1728234133168,358,Cerrar sesión,301,Moved Permanently,Usuarios 2-46,text,true,,426,504,1,1,http://demo.serenity.is/Account/Signout,358,0,0
1728234140674,1247,Iniciar sesión,200,OK,Usuarios 2-47,text,true,,47398,372,1,1,https://demo.serenity.is/Account/Login/?ReturnUrl=%2F&demouser=admin&password=serenity,353,0,174
1728234140674,353,Iniciar sesión-0,301,Moved Permanently,Usuarios 2-47,text,true,,477,186,1,1,http://demo.serenity.is/Account/Login/?ReturnUrl=%2F&demouser=admin&password=serenity,353,0,174
1728234141028,893,Iniciar sesión-1,200,OK,Usuarios 2-47,text,true,,46921,186,1,1,https://demo.serenity.is/Account/Login/?ReturnUrl=%2F&demouser=admin&password=serenity,714,0,359
1728234141922,549,Formulario,200,OK,Usuarios 2-47,text,true,,47377,1829,1,1,https://demo.serenity.is/Account/Login/?ReturnUrl=%2FNorthwind%2FSupplier,184,0,0
1728234141922,184,Formulario-0,301,Moved Permanently,Usuarios 2-47,text,true,,434,775,1,1,http://demo.serenity.is/Northwind/Supplier#edit/18,184,0,0
1728234142107,182,Formulario-1,302,Found,Usuarios 2-47,,true,,291,512,1,1,https://demo.serenity.is/Northwind/Supplier,182,0,0
1728234142290,181,Formulario-2,200,OK,Usuarios 2-47,text,true,,46652,542,1,1,https://demo.serenity.is/Account/Login/?ReturnUrl=%2FNorthwind%2FSupplier,180,0,0
1728234142471,179,Cerrar sesión,301,Moved Permanently,Usuarios 2-47,text,true,,426,504,1,1,http://demo.serenity.is/Account/Signout,179,0,0
1728234152674,1244,Iniciar sesión,200,OK,Usuarios 2-48,text,true,,47398,372,1,1,https://demo.serenity.is/Account/Login/?ReturnUrl=%2F&demouser=admin&password=serenity,354,0,174
1728234152674,354,Iniciar sesión-0,301,Moved Permanently,Usuarios 2-48,text,true,,477,186,1,1,http://demo.serenity.is/Account/Login/?ReturnUrl=%2F&demouser=admin&password=serenity,354,0,174
1728234153029,889,Iniciar sesión-1,200,OK,Usuarios 2-48,text,true,,46921,186,1,1,https://demo.serenity.is/Account/Login/?ReturnUrl=%2F&demouser=admin&password=serenity,719,0,373
1728234153920,532,Formulario,200,OK,Usuarios 2-48,text,true,,47377,1829,1,1,https://demo.serenity.is/Account/Login/?ReturnUrl=%2FNorthwind%2FSupplier,176,0,0
1728234153920,176,Formulario-0,301,Moved Permanently,Usuarios 2-48,text,true,,434,775,1,1,http://demo.serenity.is/Northwind/Supplier#edit/18,176,0,0
1728234154096,174,Formulario-1,302,Found,Usuarios 2-48,,true,,291,512,1,1,https://demo.serenity.is/Northwind/Supplier,174,0,0
1728234154270,182,Formulario-2,200,OK,Usuarios 2-48,text,true,,46652,542,1,1,https://demo.serenity.is/Account/Login/?ReturnUrl=%2FNorthwind%2FSupplier,179,0,0
1728234154452,180,Cerrar sesión,301,Moved Permanently,Usuarios 2-48,text,true,,426,504,1,1,http://demo.serenity.is/Account/Signout,180,0,0
1728234164674,1254,Iniciar sesión,200,OK,Usuarios 2-49,text,true,,47406,372,1,1,https://demo.serenity.is/Account/Login/?ReturnUrl=%2F&demouser=admin&password=serenity,359,0,184
1728234164674,360,Iniciar sesión-0,301,Moved Permanently,Usuarios 2-49,text,true,,477,186,1,1,http://demo.serenity.is/Account/Login/?ReturnUrl=%2F&demouser=admin&password=serenity,359,0,184
1728234165034,894,Iniciar sesión-1,200,OK,Usuarios 2-49,text,true,,46929,186,1,1,https://demo.serenity.is/Account/Login/?ReturnUrl=%2F&demouser=admin&password=serenity,719,0,364
1728234165929,558,Formulario,200,OK,Usuarios 2-49,text,true,,47385,1829,1,1,https://demo.serenity.is/Account/Login/?ReturnUrl=%2FNorthwind%2FSupplier,197,0,0
1728234165929,197,Formulario-0,301,Moved Permanently,Usuarios 2-49,text,true,,434,775,1,1,http://demo.serenity.is/Northwind/Supplier#edit/18,197,0,0
1728234166127,177,Formulario-1,302,Found,Usuarios 2-49,,true,,291,512,1,1,https://demo.serenity.is/Northwind/Supplier,177,0,0
1728234166304,183,Formulario-2,200,OK,Usuarios 2-49,text,true,,46660,542,1,1,https://demo.serenity.is/Account/Login/?ReturnUrl=%2FNorthwind%2FSupplier,183,0,0
1728234166488,178,Cerrar sesión,301,Moved Permanently,Usuarios 2-49,text,true,,426,504,1,1,http://demo.serenity.is/Account/Signout,178,0,0
1728234176672,2014,Iniciar sesión,200,OK,Usuarios 2-50,text,true,,47406,372,1,1,https://demo.serenity.is/Account/Login/?ReturnUrl=%2F&demouser=admin&password=serenity,1082,0,673
1728234176672,1082,Iniciar sesión-0,301,Moved Permanently,Usuarios 2-50,text,true,,477,186,1,1,http://demo.serenity.is/Account/Login/?ReturnUrl=%2F&demouser=admin&password=serenity,1082,0,673
1728234177755,931,Iniciar sesión-1,200,OK,Usuarios 2-50,text,true,,46929,186,1,1,https://demo.serenity.is/Account/Login/?ReturnUrl=%2F&demouser=admin&password=serenity,745,0,365
1728234178686,543,Formulario,200,OK,Usuarios 2-50,text,true,,47385,1829,1,1,https://demo.serenity.is/Account/Login/?ReturnUrl=%2FNorthwind%2FSupplier,185,0,0
1728234178686,185,Formulario-0,301,Moved Permanently,Usuarios 2-50,text,true,,434,775,1,1,http://demo.serenity.is/Northwind/Supplier#edit/18,185,0,0
1728234178872,174,Formulario-1,302,Found,Usuarios 2-50,,true,,291,512,1,1,https://demo.serenity.is/Northwind/Supplier,174,0,0
1728234179046,183,Formulario-2,200,OK,Usuarios 2-50,text,true,,46660,542,1,1,https://demo.serenity.is/Account/Login/?ReturnUrl=%2FNorthwind%2FSupplier,180,0,0
1728234179229,180,Cerrar sesión,301,Moved Permanently,Usuarios 2-50,text,true,,426,504,1,1,http://demo.serenity.is/Account/Signout,180,0,0
